DW,N,cell_area_um2,drc_errors,flow_ok,fmax_mhz_est,hold_ws_ns,period_ns,power_w,split_mul,tns_ns,util,util_target,variant,wirelength_um,wns_ns
32,4,401376,0,True,135.91,0.0761822,6.0,0.0429971,0,-246.623,0.412555,35,n4_dw32_s0_p6p0_u35,1900722,-1.35767
32,4,398520,0,True,137.28,0.0649668,7.0,0.0364907,0,-7.5016,0.409619,35,n4_dw32_s0_p7p0_u35,1916199,-0.284636
32,4,375144,0,True,127.93,0.0753696,8.0,0.0325187,0,0,0.385592,35,n4_dw32_s0_p8p0_u35,1865987,0.183472
32,4,369426,0,True,111.21,0.0760149,10.0,0.0256814,0,0,0.379715,35,n4_dw32_s0_p10p0_u35,1839374,1.00798
32,4,368923,0,True,113.14,0.0321349,12.0,0.0215255,0,0,0.379198,35,n4_dw32_s0_p12p0_u35,1823235,3.16138
32,4,420651,0,True,157.13,0.0462159,6.0,0.0534637,1,-20.5238,0.408213,35,n4_dw32_s1_p6p0_u35,1961683,-0.3641
32,4,397515,0,True,146.69,0.0160036,7.0,0.0457855,1,0,0.385762,35,n4_dw32_s1_p7p0_u35,1929053,0.182681
32,4,393491,0,True,129.64,0.0385922,8.0,0.0398366,1,0,0.381857,35,n4_dw32_s1_p8p0_u35,1899666,0.286163
32,4,393032,0,True,125.2,0.00859335,10.0,0.0326352,1,0,0.381411,35,n4_dw32_s1_p10p0_u35,1937727,2.01293
32,4,392346,0,True,123.06,0.0281379,12.0,0.0268863,1,0,0.380746,35,n4_dw32_s1_p12p0_u35,1880132,3.87418
